yday,month
1,Jan
2,Jan
3,Jan
4,Jan
5,Jan
6,Jan
7,Jan
8,Jan
9,Jan
10,Jan
11,Jan
12,Jan
13,Jan
14,Jan
15,Jan
16,Jan
17,Jan
18,Jan
19,Jan
20,Jan
21,Jan
22,Jan
23,Jan
24,Jan
25,Jan
26,Jan
27,Jan
28,Jan
29,Jan
30,Jan
31,Jan
32,Feb
33,Feb
34,Feb
35,Feb
36,Feb
37,Feb
38,Feb
39,Feb
40,Feb
41,Feb
42,Feb
43,Feb
44,Feb
45,Feb
46,Feb
47,Feb
48,Feb
49,Feb
50,Feb
51,Feb
52,Feb
53,Feb
54,Feb
55,Feb
56,Feb
57,Feb
58,Feb
59,Feb
60,Mar
61,Mar
62,Mar
63,Mar
64,Mar
65,Mar
66,Mar
67,Mar
68,Mar
69,Mar
70,Mar
71,Mar
72,Mar
73,Mar
74,Mar
75,Mar
76,Mar
77,Mar
78,Mar
79,Mar
80,Mar
81,Mar
82,Mar
83,Mar
84,Mar
85,Mar
86,Mar
87,Mar
88,Mar
89,Mar
90,Mar
91,Apr
92,Apr
93,Apr
94,Apr
95,Apr
96,Apr
97,Apr
98,Apr
99,Apr
100,Apr
101,Apr
102,Apr
103,Apr
104,Apr
105,Apr
106,Apr
107,Apr
108,Apr
109,Apr
110,Apr
111,Apr
112,Apr
113,Apr
114,Apr
115,Apr
116,Apr
117,Apr
118,Apr
119,Apr
120,Apr
121,May
122,May
123,May
124,May
125,May
126,May
127,May
128,May
129,May
130,May
131,May
132,May
133,May
134,May
135,May
136,May
137,May
138,May
139,May
140,May
141,May
142,May
143,May
144,May
145,May
146,May
147,May
148,May
149,May
150,May
151,May
152,June
153,June
154,June
155,June
156,June
157,June
158,June
159,June
160,June
161,June
162,June
163,June
164,June
165,June
166,June
167,June
168,June
169,June
170,June
171,June
172,June
173,June
174,June
175,June
176,June
177,June
178,June
179,June
180,June
181,June
182,July
183,July
184,July
185,July
186,July
187,July
188,July
189,July
190,July
191,July
192,July
193,July
194,July
195,July
196,July
197,July
198,July
199,July
200,July
201,July
202,July
203,July
204,July
205,July
206,July
207,July
208,July
209,July
210,July
211,July
212,July
213,Aug
214,Aug
215,Aug
216,Aug
217,Aug
218,Aug
219,Aug
220,Aug
221,Aug
222,Aug
223,Aug
224,Aug
225,Aug
226,Aug
227,Aug
228,Aug
229,Aug
230,Aug
231,Aug
232,Aug
233,Aug
234,Aug
235,Aug
236,Aug
237,Aug
238,Aug
239,Aug
240,Aug
241,Aug
242,Aug
243,Aug
244,Sept
245,Sept
246,Sept
247,Sept
248,Sept
249,Sept
250,Sept
251,Sept
252,Sept
253,Sept
254,Sept
255,Sept
256,Sept
257,Sept
258,Sept
259,Sept
260,Sept
261,Sept
262,Sept
263,Sept
264,Sept
265,Sept
266,Sept
267,Sept
268,Sept
269,Sept
270,Sept
271,Sept
272,Sept
273,Sept
274,Oct
275,Oct
276,Oct
277,Oct
278,Oct
279,Oct
280,Oct
281,Oct
282,Oct
283,Oct
284,Oct
285,Oct
286,Oct
287,Oct
288,Oct
289,Oct
290,Oct
291,Oct
292,Oct
293,Oct
294,Oct
295,Oct
296,Oct
297,Oct
298,Oct
299,Oct
300,Oct
301,Oct
302,Oct
303,Oct
304,Oct
305,Nov
306,Nov
307,Nov
308,Nov
309,Nov
310,Nov
311,Nov
312,Nov
313,Nov
314,Nov
315,Nov
316,Nov
317,Nov
318,Nov
319,Nov
320,Nov
321,Nov
322,Nov
323,Nov
324,Nov
325,Nov
326,Nov
327,Nov
328,Nov
329,Nov
330,Nov
331,Nov
332,Nov
333,Nov
334,Nov
335,Dec
336,Dec
337,Dec
338,Dec
339,Dec
340,Dec
341,Dec
342,Dec
343,Dec
344,Dec
345,Dec
346,Dec
347,Dec
348,Dec
349,Dec
350,Dec
351,Dec
352,Dec
353,Dec
354,Dec
355,Dec
356,Dec
357,Dec
358,Dec
359,Dec
360,Dec
361,Dec
362,Dec
363,Dec
364,Dec
365,Dec
